Ballot Book,Ballot
Ballot Bundle 1,Ballot 1
Ballot Bundle 1,Ballot 2
Ballot Bundle 1,Ballot 3
Ballot Bundle 1,Ballot 4
Ballot Bundle 1,Ballot 5
Ballot Bundle 1,Ballot 6
Ballot Bundle 2,Ballot 7
Ballot Bundle 2,Ballot 8
Ballot Bundle 2,Ballot 9
Ballot Bundle 2,Ballot 10
Ballot Bundle 2,Ballot 11
Ballot Bundle 2,Ballot 12
Ballot Bundle 2,Ballot 13
Ballot Bundle 3,Ballot 14
Ballot Bundle 3,Ballot 15
Ballot Bundle 3,Ballot 16
Ballot Bundle 3,Ballot 17
Ballot Bundle 3,Ballot 18
Ballot Bundle 3,Ballot 19
Ballot Bundle 3,Ballot 20
Ballot Bundle 4,Ballot 21
Ballot Bundle 4,Ballot 22
Ballot Bundle 4,Ballot 23
Ballot Bundle 4,Ballot 24
Ballot Bundle 4,Ballot 25
Ballot Bundle 4,Ballot 26